{
    "name": "Cycle",
    "type": "object",
    "properties": {
      "title": {
        "type": "string",
        "description": "Cycle title"
      },
      "description": {
        "type": "string",
        "description": "Cycle description"
      },
      "project_id": {
        "type": "string",
        "description": "Associated project ID"
      },
      "start_date": {
        "type": "string",
        "format": "date"
      },
      "end_date": {
        "type": "string",
        "format": "date"
      },
      "status": {
        "type": "string",
        "enum": [
          "Planning",
          "Active",
          "Completed",
          "Cancelled"
        ],
        "default": "Planning"
      },
      "goals": {
        "type": "array",
        "items": {
          "type": "string"
        }
      },
      "team_members": {
        "type": "array",
        "items": {
          "type": "string"
        }
      }
    },
    "required": [
      "title",
      "project_id"
    ]
  }