[
  {
    "id": "t1",
    "title": "Data Analytics Implementation",
    "description": "Lead data analytics implementation and strategy",
    "project_id": "6",
    "assignee_email": "atta.rehman@company.com",
    "status": "In Progress",
    "priority": "High",
    "due_date": "2024-03-15",
    "estimated_hours": 20,
    "actual_hours": 10,
    "tags": ["analytics", "data", "leadership"]
  },
  {
    "id": "t2",
    "title": "Backend System Optimization",
    "description": "Optimize backend systems and APIs",
    "project_id": "7",
    "assignee_email": "waqas.ilyas@company.com",
    "status": "In Progress",
    "priority": "High",
    "due_date": "2024-03-20",
    "estimated_hours": 15,
    "actual_hours": 8,
    "tags": ["backend", "optimization", "api"]
  },
  {
    "id": "t3",
    "title": "Technical Architecture Review",
    "description": "Review and update technical architecture",
    "project_id": "3",
    "assignee_email": "usama.sohaib@company.com",
    "status": "In Progress",
    "priority": "Critical",
    "due_date": "2024-03-10",
    "estimated_hours": 25,
    "actual_hours": 12,
    "tags": ["architecture", "technical", "review"]
  },
  {
    "id": "t4",
    "title": "Project Management",
    "description": "Lead project management and coordination",
    "project_id": "8",
    "assignee_email": "jawad.sharif@company.com",
    "status": "Not Started",
    "priority": "Medium",
    "due_date": "2024-03-25",
    "estimated_hours": 0,
    "actual_hours": 0,
    "tags": ["management", "coordination"]
  },
  {
    "id": "t5",
    "title": "UI Design System",
    "description": "Develop comprehensive UI design system",
    "project_id": "1",
    "assignee_email": "hassan.majid@company.com",
    "status": "In Progress",
    "priority": "Medium",
    "due_date": "2024-03-18",
    "estimated_hours": 12,
    "actual_hours": 5,
    "tags": ["ui", "design", "system"]
  },
  {
    "id": "t6",
    "title": "Frontend Development",
    "description": "Implement frontend features and components",
    "project_id": "1",
    "assignee_email": "muhammad.junaid@company.com",
    "status": "In Progress",
    "priority": "Medium",
    "due_date": "2024-03-18",
    "estimated_hours": 15,
    "actual_hours": 7,
    "tags": ["frontend", "development"]
  },
  {
    "id": "t7",
    "title": "Project Coordination",
    "description": "Coordinate project activities and timelines",
    "project_id": "8",
    "assignee_email": "sohaib.amjad@company.com",
    "status": "In Progress",
    "priority": "Medium",
    "due_date": "2024-03-12",
    "estimated_hours": 10,
    "actual_hours": 4,
    "tags": ["coordination", "management"]
  },
  {
    "id": "t8",
    "title": "Project Leadership",
    "description": "Lead project team and initiatives",
    "project_id": "10",
    "assignee_email": "sarah.johnson@company.com",
    "status": "Not Started",
    "priority": "Medium",
    "due_date": "2024-03-30",
    "estimated_hours": 0,
    "actual_hours": 0,
    "tags": ["leadership", "management"]
  },
  {
    "id": "t9",
    "title": "Frontend Development",
    "description": "Develop frontend features and components",
    "project_id": "11",
    "assignee_email": "mike.chen@company.com",
    "status": "In Progress",
    "priority": "High",
    "due_date": "2024-03-22",
    "estimated_hours": 12,
    "actual_hours": 5,
    "tags": ["frontend", "development"]
  },
  {
    "id": "t10",
    "title": "UX Design System",
    "description": "Develop UX design system and guidelines",
    "project_id": "1",
    "assignee_email": "alex.rodriguez@company.com",
    "status": "Not Started",
    "priority": "Medium",
    "due_date": "2024-03-25",
    "estimated_hours": 0,
    "actual_hours": 0,
    "tags": ["ux", "design", "system"]
  },
  {
    "id": "t11",
    "title": "Data Pipeline Development",
    "description": "Develop and optimize data pipelines",
    "project_id": "16",
    "assignee_email": "thomas.wilson@company.com",
    "status": "In Progress",
    "priority": "High",
    "due_date": "2024-03-28",
    "estimated_hours": 15,
    "actual_hours": 7,
    "tags": ["data", "pipeline", "engineering"]
  },
  {
    "id": "t12",
    "title": "Database Administration",
    "description": "Manage and optimize database systems",
    "project_id": "16",
    "assignee_email": "maria.gonzalez@company.com",
    "status": "Not Started",
    "priority": "Critical",
    "due_date": "2024-03-15",
    "estimated_hours": 0,
    "actual_hours": 0,
    "tags": ["database", "administration"]
  },
  {
    "id": "t13",
    "title": "Creative Direction",
    "description": "Lead creative direction and design strategy",
    "project_id": "10",
    "assignee_email": "emily.brown@company.com",
    "status": "Not Started",
    "priority": "Medium",
    "due_date": "2024-03-30",
    "estimated_hours": 0,
    "actual_hours": 0,
    "tags": ["creative", "design", "strategy"]
  },
  {
    "id": "t14",
    "title": "Graphic Design",
    "description": "Create graphic design assets",
    "project_id": "10",
    "assignee_email": "carlos.martinez@company.com",
    "status": "Not Started",
    "priority": "Medium",
    "due_date": "2024-03-25",
    "estimated_hours": 0,
    "actual_hours": 0,
    "tags": ["graphic", "design"]
  },
  {
    "id": "t15",
    "title": "Security Implementation",
    "description": "Implement security measures and protocols",
    "project_id": "5",
    "assignee_email": "robert.garcia@company.com",
    "status": "In Progress",
    "priority": "Critical",
    "due_date": "2024-03-18",
    "estimated_hours": 20,
    "actual_hours": 8,
    "tags": ["security", "implementation"]
  },
  {
    "id": "t16",
    "title": "DevOps Implementation",
    "description": "Implement DevOps practices and tools",
    "project_id": "3",
    "assignee_email": "jennifer.lee@company.com",
    "status": "Not Started",
    "priority": "High",
    "due_date": "2024-03-20",
    "estimated_hours": 0,
    "actual_hours": 0,
    "tags": ["devops", "implementation"]
  },
  {
    "id": "t17",
    "title": "Mobile App Development",
    "description": "Develop mobile application features",
    "project_id": "2",
    "assignee_email": "david.kim@company.com",
    "status": "In Progress",
    "priority": "High",
    "due_date": "2024-03-22",
    "estimated_hours": 12,
    "actual_hours": 5,
    "tags": ["mobile", "development"]
  },
  {
    "id": "t18",
    "title": "Data Analysis",
    "description": "Conduct data analysis and reporting",
    "project_id": "6",
    "assignee_email": "lisa.wang@company.com",
    "status": "Not Started",
    "priority": "Medium",
    "due_date": "2024-03-15",
    "estimated_hours": 0,
    "actual_hours": 0,
    "tags": ["data", "analysis", "reporting"]
  },
  {
    "id": "1",
    "title": "Data Analytics Dashboard Implementation",
    "description": "Implement new analytics dashboard for business metrics",
    "project_id": "6",
    "assignee_email": "atta.rehman@company.com",
    "status": "In Progress",
    "priority": "High",
    "due_date": "2024-03-15",
    "estimated_hours": 16,
    "actual_hours": 8,
    "tags": ["analytics", "dashboard", "data"]
  },
  {
    "id": "2",
    "title": "API Performance Optimization",
    "description": "Optimize API response times and implement caching",
    "project_id": "7",
    "assignee_email": "waqas.ilyas@company.com",
    "status": "In Progress",
    "priority": "High",
    "due_date": "2024-03-20",
    "estimated_hours": 12,
    "actual_hours": 6,
    "tags": ["api", "performance", "backend"]
  },
  {
    "id": "3",
    "title": "Cloud Infrastructure Setup",
    "description": "Set up cloud infrastructure for new services",
    "project_id": "3",
    "assignee_email": "usama.sohaib@company.com",
    "status": "In Progress",
    "priority": "Critical",
    "due_date": "2024-03-10",
    "estimated_hours": 20,
    "actual_hours": 10,
    "tags": ["cloud", "infrastructure", "devops"]
  },
  {
    "id": "4",
    "title": "Mobile App UI Redesign",
    "description": "Redesign mobile app interface for better UX",
    "project_id": "2",
    "assignee_email": "hassan.majid@company.com",
    "status": "In Progress",
    "priority": "Medium",
    "due_date": "2024-03-25",
    "estimated_hours": 15,
    "actual_hours": 5,
    "tags": ["ui", "design", "mobile"]
  },
  {
    "id": "5",
    "title": "Frontend Component Library",
    "description": "Develop reusable frontend components",
    "project_id": "1",
    "assignee_email": "muhammad.junaid@company.com",
    "status": "In Progress",
    "priority": "Medium",
    "due_date": "2024-03-18",
    "estimated_hours": 10,
    "actual_hours": 4,
    "tags": ["frontend", "components", "library"]
  },
  {
    "id": "6",
    "title": "Project Timeline Review",
    "description": "Review and update project timelines",
    "project_id": "8",
    "assignee_email": "sohaib.amjad@company.com",
    "status": "In Progress",
    "priority": "Medium",
    "due_date": "2024-03-12",
    "estimated_hours": 8,
    "actual_hours": 3,
    "tags": ["planning", "timeline", "management"]
  },
  {
    "id": "7",
    "title": "Website Performance Audit",
    "description": "Conduct performance audit of main website",
    "project_id": "11",
    "assignee_email": "mike.chen@company.com",
    "status": "In Progress",
    "priority": "High",
    "due_date": "2024-03-22",
    "estimated_hours": 12,
    "actual_hours": 5,
    "tags": ["performance", "audit", "frontend"]
  },
  {
    "id": "8",
    "title": "Database Optimization",
    "description": "Optimize database queries and indexes",
    "project_id": "16",
    "assignee_email": "thomas.wilson@company.com",
    "status": "In Progress",
    "priority": "High",
    "due_date": "2024-03-28",
    "estimated_hours": 15,
    "actual_hours": 7,
    "tags": ["database", "optimization", "performance"]
  },
  {
    "id": "9",
    "title": "Database Backup System",
    "description": "Implement automated database backup system",
    "project_id": "16",
    "assignee_email": "maria.gonzalez@company.com",
    "status": "In Progress",
    "priority": "Critical",
    "due_date": "2024-03-15",
    "estimated_hours": 10,
    "actual_hours": 4,
    "tags": ["database", "backup", "security"]
  },
  {
    "id": "10",
    "title": "Brand Guidelines Update",
    "description": "Update company brand guidelines",
    "project_id": "10",
    "assignee_email": "emily.brown@company.com",
    "status": "In Progress",
    "priority": "Medium",
    "due_date": "2024-03-30",
    "estimated_hours": 12,
    "actual_hours": 5,
    "tags": ["branding", "design", "guidelines"]
  },
  {
    "id": "11",
    "title": "Marketing Materials Design",
    "description": "Design new marketing materials",
    "project_id": "10",
    "assignee_email": "carlos.martinez@company.com",
    "status": "In Progress",
    "priority": "Medium",
    "due_date": "2024-03-25",
    "estimated_hours": 15,
    "actual_hours": 6,
    "tags": ["design", "marketing", "graphics"]
  },
  {
    "id": "12",
    "title": "Security Audit Implementation",
    "description": "Implement security audit recommendations",
    "project_id": "5",
    "assignee_email": "robert.garcia@company.com",
    "status": "In Progress",
    "priority": "Critical",
    "due_date": "2024-03-18",
    "estimated_hours": 20,
    "actual_hours": 8,
    "tags": ["security", "audit", "implementation"]
  },
  {
    "id": "13",
    "title": "CI/CD Pipeline Setup",
    "description": "Set up continuous integration and deployment pipeline",
    "project_id": "3",
    "assignee_email": "jennifer.lee@company.com",
    "status": "In Progress",
    "priority": "High",
    "due_date": "2024-03-20",
    "estimated_hours": 16,
    "actual_hours": 7,
    "tags": ["devops", "ci/cd", "automation"]
  },
  {
    "id": "14",
    "title": "Mobile App Testing",
    "description": "Conduct comprehensive testing of mobile app",
    "project_id": "2",
    "assignee_email": "david.kim@company.com",
    "status": "In Progress",
    "priority": "High",
    "due_date": "2024-03-22",
    "estimated_hours": 12,
    "actual_hours": 5,
    "tags": ["mobile", "testing", "qa"]
  },
  {
    "id": "15",
    "title": "Data Analysis Report",
    "description": "Prepare monthly data analysis report",
    "project_id": "6",
    "assignee_email": "lisa.wang@company.com",
    "status": "In Progress",
    "priority": "Medium",
    "due_date": "2024-03-15",
    "estimated_hours": 8,
    "actual_hours": 3,
    "tags": ["data", "analysis", "reporting"]
  }
]